[{"group":"Sigma","kind":"individual","document":{"kind":"jsonl","path":"simulation_datasets/simulation_1/EmailEXEAttack_winlogbeat.jsonl","data":{"@timestamp":"2022-12-19T09:48:17.324Z","agent":{"ephemeral_id":"75382475-4494-4885-af56-0a918c9c7d5b","hostname":"CLIENT1","id":"a5ea4d3e-40c5-43d5-9a2e-ed2c48327430","name":"CLIENT1","type":"winlogbeat","version":"7.10.2"},"ecs":{"version":"1.5.0"},"event":{"action":"File created (rule: FileCreate)","category":["file"],"code":11,"created":"2022-12-19T09:48:18.363Z","kind":"event","module":"sysmon","provider":"Microsoft-Windows-Sysmon","type":["creation"]},"file":{"directory":"C:\\Users\\client1\\AppData\\Local\\Temp\\breach_attachments","extension":"exe","name":"Bank-of-Nuthington.exe","path":"C:\\Users\\client1\\AppData\\Local\\Temp\\breach_attachments\\Bank-of-Nuthington.exe"},"host":{"name":"CLIENT1.breach.local"},"log":{"level":"information"},"message":"File created:\nRuleName: EXE\nUtcTime: 2022-12-19 09:48:17.324\nProcessGuid: {4901c233-24ce-63a0-8a00-000000000600}\nProcessId: 4856\nImage: C:\\Python37\\python.exe\nTargetFilename: C:\\Users\\client1\\AppData\\Local\\Temp\\breach_attachments\\Bank-of-Nuthington.exe\nCreationUtcTime: 2022-12-19 09:48:17.324\nUser: BREACH\\client1","process":{"entity_id":"{4901c233-24ce-63a0-8a00-000000000600}","executable":"C:\\Python37\\python.exe","name":"python.exe","pid":4856},"rule":{"name":"EXE"},"winlog":{"api":"wineventlog","channel":"Microsoft-Windows-Sysmon/Operational","computer_name":"CLIENT1.breach.local","event_data":{"CreationUtcTime":"2022-12-19 09:48:17.324","User":"BREACH\\client1"},"event_id":11,"opcode":"Info","process":{"pid":2072,"thread":{"id":2684}},"provider_guid":"{5770385f-c22a-43e0-bf4c-06f5698ffbd9}","provider_name":"Microsoft-Windows-Sysmon","record_id":4332,"task":"File created (rule: FileCreate)","user":{"domain":"NT AUTHORITY","identifier":"S-1-5-18","name":"SYSTEM","type":"User"},"version":2}}},"name":"Creation of an Executable by an Executable","timestamp":"2022-12-19T09:48:17.324+00:00","authors":["frack113"],"level":"low","source":"sigma","status":"experimental","falsepositives":["Software installers","Update utilities"],"id":"297afac9-5d02-4138-8c58-b977bac60556","logsource":{"category":"file_event","product":"windows"},"references":["Malware Sandbox"],"tags":["attack.resource_development","attack.t1587.001"]},{"group":"Sigma","kind":"individual","document":{"kind":"jsonl","path":"simulation_datasets/simulation_1/EmailEXEAttack_winlogbeat.jsonl","data":{"@timestamp":"2022-12-19T09:48:17.379Z","agent":{"ephemeral_id":"75382475-4494-4885-af56-0a918c9c7d5b","hostname":"CLIENT1","id":"a5ea4d3e-40c5-43d5-9a2e-ed2c48327430","name":"CLIENT1","type":"winlogbeat","version":"7.10.2"},"ecs":{"version":"1.5.0"},"event":{"action":"Process Create (rule: ProcessCreate)","category":["process"],"code":1,"created":"2022-12-19T09:48:18.364Z","kind":"event","module":"sysmon","provider":"Microsoft-Windows-Sysmon","type":["start","process_start"]},"hash":{"imphash":"b4c6fff030479aa3b12625be67bf4914","md5":"17438c2d916b97d0dbbf4209829ba2bc","sha256":"0ca827cbc562bd048dd4d7f5b7f42da25d550645f94b46ddb7ba3ec403a603d2"},"host":{"name":"CLIENT1.breach.local"},"log":{"level":"information"},"message":"Process Create:\nRuleName: -\nUtcTime: 2022-12-19 09:48:17.379\nProcessGuid: {4901c233-3361-63a0-3207-000000000600}\nProcessId: 2412\nImage: C:\\Users\\client1\\AppData\\Local\\Temp\\breach_attachments\\Bank-of-Nuthington.exe\nFileVersion: -\nDescription: -\nProduct: -\nCompany: -\nOriginalFileName: -\nCommandLine: \"C:\\Users\\client1\\AppData\\Local\\Temp\\breach_attachments\\Bank-of-Nuthington.exe\" \nCurrentDirectory: C:\\BREACH\\\nUser: BREACH\\client1\nLogonGuid: {4901c233-2496-63a0-8302-040000000000}\nLogonId: 0x40283\nTerminalSessionId: 1\nIntegrityLevel: High\nHashes: MD5=17438C2D916B97D0DBBF4209829BA2BC,SHA256=0CA827CBC562BD048DD4D7F5B7F42DA25D550645F94B46DDB7BA3EC403A603D2,IMPHASH=B4C6FFF030479AA3B12625BE67BF4914\nParentProcessGuid: {4901c233-24ce-63a0-8a00-000000000600}\nParentProcessId: 4856\nParentImage: C:\\Python37\\python.exe\nParentCommandLine: python C:\\BREACH\\userbehavior\\run.py --use-breach-setup\nParentUser: BREACH\\client1","process":{"args":["C:\\Users\\client1\\AppData\\Local\\Temp\\breach_attachments\\Bank-of-Nuthington.exe"],"command_line":"\"C:\\Users\\client1\\AppData\\Local\\Temp\\breach_attachments\\Bank-of-Nuthington.exe\" ","entity_id":"{4901c233-3361-63a0-3207-000000000600}","executable":"C:\\Users\\client1\\AppData\\Local\\Temp\\breach_attachments\\Bank-of-Nuthington.exe","hash":{"md5":"17438c2d916b97d0dbbf4209829ba2bc","sha256":"0ca827cbc562bd048dd4d7f5b7f42da25d550645f94b46ddb7ba3ec403a603d2"},"name":"Bank-of-Nuthington.exe","parent":{"args":["python","C:\\BREACH\\userbehavior\\run.py","--use-breach-setup"],"command_line":"python C:\\BREACH\\userbehavior\\run.py --use-breach-setup","entity_id":"{4901c233-24ce-63a0-8a00-000000000600}","executable":"C:\\Python37\\python.exe","name":"python.exe","pid":4856},"pe":{"imphash":"b4c6fff030479aa3b12625be67bf4914"},"pid":2412,"working_directory":"C:\\BREACH\\"},"related":{"hash":["17438c2d916b97d0dbbf4209829ba2bc","0ca827cbc562bd048dd4d7f5b7f42da25d550645f94b46ddb7ba3ec403a603d2","b4c6fff030479aa3b12625be67bf4914"],"user":"client1"},"user":{"domain":"BREACH","name":"client1"},"winlog":{"api":"wineventlog","channel":"Microsoft-Windows-Sysmon/Operational","computer_name":"CLIENT1.breach.local","event_data":{"Company":"-","Description":"-","FileVersion":"-","IntegrityLevel":"High","LogonGuid":"{4901c233-2496-63a0-8302-040000000000}","LogonId":"0x40283","OriginalFileName":"-","ParentUser":"BREACH\\client1","Product":"-","RuleName":"-","TerminalSessionId":"1"},"event_id":1,"opcode":"Info","process":{"pid":2072,"thread":{"id":2684}},"provider_guid":"{5770385f-c22a-43e0-bf4c-06f5698ffbd9}","provider_name":"Microsoft-Windows-Sysmon","record_id":4333,"task":"Process Create (rule: ProcessCreate)","user":{"domain":"NT AUTHORITY","identifier":"S-1-5-18","name":"SYSTEM","type":"User"},"version":5}}},"name":"Process Start From Suspicious Folder","timestamp":"2022-12-19T09:48:17.379+00:00","authors":["frack113"],"level":"low","source":"sigma","status":"experimental","falsepositives":["Unknown"],"id":"dca91cfd-d7ab-4c66-8da7-ee57d487b35b","logsource":{"category":"process_creation","product":"windows"},"references":["Malware sandbox results"],"tags":["attack.execution","attack.t1204"]}]