[{"group":"Sigma","kind":"individual","document":{"kind":"jsonl","path":"simulation_datasets/simulation_1/SetAutostartAttack_winlogbeat.jsonl","data":{"@timestamp":"2022-12-19T10:13:06.287Z","agent":{"ephemeral_id":"75382475-4494-4885-af56-0a918c9c7d5b","hostname":"CLIENT1","id":"a5ea4d3e-40c5-43d5-9a2e-ed2c48327430","name":"CLIENT1","type":"winlogbeat","version":"7.10.2"},"ecs":{"version":"1.5.0"},"event":{"action":"Process Create (rule: ProcessCreate)","category":["process"],"code":1,"created":"2022-12-19T10:13:06.973Z","kind":"event","module":"sysmon","provider":"Microsoft-Windows-Sysmon","type":["start","process_start"]},"hash":{"imphash":"272245e2988e1e430500b852c4fb5e18","md5":"8a2122e8162dbef04694b9c3e0b6cdee","sha256":"b99d61d874728edc0918ca0eb10eab93d381e7367e377406e65963366c874450"},"host":{"name":"CLIENT1.breach.local"},"log":{"level":"information"},"message":"Process Create:\nRuleName: -\nUtcTime: 2022-12-19 10:13:06.287\nProcessGuid: {4901c233-3932-63a0-7407-000000000600}\nProcessId: 3948\nImage: C:\\Windows\\System32\\cmd.exe\nFileVersion: 10.0.19041.746 (WinBuild.160101.0800)\nDescription: Windows Command Processor\nProduct: Microsoft® Windows® Operating System\nCompany: Microsoft Corporation\nOriginalFileName: Cmd.Exe\nCommandLine: c:\\windows\\system32\\cmd.exe /c REG ADD HKLM\\Software\\Microsoft\\Windows\\CurrentVersion\\Run /v \"Meterpreter Bind TCP\" /t REG_SZ /d meterpreter_bind_tcp.exe /f\nCurrentDirectory: C:\\Users\\ssh\\\nUser: CLIENT1\\ssh\nLogonGuid: {4901c233-3932-63a0-7a5c-0f0100000000}\nLogonId: 0x10F5C7A\nTerminalSessionId: 0\nIntegrityLevel: High\nHashes: MD5=8A2122E8162DBEF04694B9C3E0B6CDEE,SHA256=B99D61D874728EDC0918CA0EB10EAB93D381E7367E377406E65963366C874450,IMPHASH=272245E2988E1E430500B852C4FB5E18\nParentProcessGuid: {4901c233-3932-63a0-7307-000000000600}\nParentProcessId: 984\nParentImage: C:\\Windows\\System32\\conhost.exe\nParentCommandLine: C:\\Windows\\system32\\conhost.exe --headless --width 80 --height 24 --signal 0x1e8 -- \"c:\\windows\\system32\\cmd.exe\" /c REG ADD HKLM\\Software\\Microsoft\\Windows\\CurrentVersion\\Run /v \"Meterpreter Bind TCP\" /t REG_SZ /d \"meterpreter_bind_tcp.exe\" /f\nParentUser: CLIENT1\\ssh","process":{"args":["c:\\windows\\system32\\cmd.exe","/c","REG","ADD","HKLM\\Software\\Microsoft\\Windows\\CurrentVersion\\Run","/v","Meterpreter Bind TCP","/t","REG_SZ","/d","meterpreter_bind_tcp.exe","/f"],"command_line":"c:\\windows\\system32\\cmd.exe /c REG ADD HKLM\\Software\\Microsoft\\Windows\\CurrentVersion\\Run /v \"Meterpreter Bind TCP\" /t REG_SZ /d meterpreter_bind_tcp.exe /f","entity_id":"{4901c233-3932-63a0-7407-000000000600}","executable":"C:\\Windows\\System32\\cmd.exe","hash":{"md5":"8a2122e8162dbef04694b9c3e0b6cdee","sha256":"b99d61d874728edc0918ca0eb10eab93d381e7367e377406e65963366c874450"},"name":"cmd.exe","parent":{"args":["C:\\Windows\\system32\\conhost.exe","--headless","--width","80","--height","24","--signal","0x1e8","--","c:\\windows\\system32\\cmd.exe","/c","REG","ADD","HKLM\\Software\\Microsoft\\Windows\\CurrentVersion\\Run","/v","Meterpreter Bind TCP","/t","REG_SZ","/d","meterpreter_bind_tcp.exe","/f"],"command_line":"C:\\Windows\\system32\\conhost.exe --headless --width 80 --height 24 --signal 0x1e8 -- \"c:\\windows\\system32\\cmd.exe\" /c REG ADD HKLM\\Software\\Microsoft\\Windows\\CurrentVersion\\Run /v \"Meterpreter Bind TCP\" /t REG_SZ /d \"meterpreter_bind_tcp.exe\" /f","entity_id":"{4901c233-3932-63a0-7307-000000000600}","executable":"C:\\Windows\\System32\\conhost.exe","name":"conhost.exe","pid":984},"pe":{"imphash":"272245e2988e1e430500b852c4fb5e18"},"pid":3948,"working_directory":"C:\\Users\\ssh\\"},"related":{"hash":["8a2122e8162dbef04694b9c3e0b6cdee","b99d61d874728edc0918ca0eb10eab93d381e7367e377406e65963366c874450","272245e2988e1e430500b852c4fb5e18"],"user":"ssh"},"user":{"domain":"CLIENT1","name":"ssh"},"winlog":{"api":"wineventlog","channel":"Microsoft-Windows-Sysmon/Operational","computer_name":"CLIENT1.breach.local","event_data":{"Company":"Microsoft Corporation","Description":"Windows Command Processor","FileVersion":"10.0.19041.746 (WinBuild.160101.0800)","IntegrityLevel":"High","LogonGuid":"{4901c233-3932-63a0-7a5c-0f0100000000}","LogonId":"0x10f5c7a","OriginalFileName":"Cmd.Exe","ParentUser":"CLIENT1\\ssh","Product":"Microsoft® Windows® Operating System","RuleName":"-","TerminalSessionId":"0"},"event_id":1,"opcode":"Info","process":{"pid":2072,"thread":{"id":2684}},"provider_guid":"{5770385f-c22a-43e0-bf4c-06f5698ffbd9}","provider_name":"Microsoft-Windows-Sysmon","record_id":5040,"task":"Process Create (rule: ProcessCreate)","user":{"domain":"NT AUTHORITY","identifier":"S-1-5-18","name":"SYSTEM","type":"User"},"version":5}}},"name":"Conhost Parent Process Executions","timestamp":"2022-12-19T10:13:06.287+00:00","authors":["omkar72"],"level":"medium","source":"sigma","status":"experimental","falsepositives":["Unlikely, conhost is a child less process"],"id":"7dc2dedd-7603-461a-bc13-15803d132355","logsource":{"category":"process_creation","product":"windows"},"references":["http://www.hexacorn.com/blog/2020/05/25/how-to-con-your-host/"],"tags":["attack.defense_evasion","attack.t1202"]},{"group":"Sigma","kind":"individual","document":{"kind":"jsonl","path":"simulation_datasets/simulation_1/SetAutostartAttack_winlogbeat.jsonl","data":{"@timestamp":"2022-12-19T10:13:06.287Z","agent":{"ephemeral_id":"75382475-4494-4885-af56-0a918c9c7d5b","hostname":"CLIENT1","id":"a5ea4d3e-40c5-43d5-9a2e-ed2c48327430","name":"CLIENT1","type":"winlogbeat","version":"7.10.2"},"ecs":{"version":"1.5.0"},"event":{"action":"Process Create (rule: ProcessCreate)","category":["process"],"code":1,"created":"2022-12-19T10:13:06.973Z","kind":"event","module":"sysmon","provider":"Microsoft-Windows-Sysmon","type":["start","process_start"]},"hash":{"imphash":"272245e2988e1e430500b852c4fb5e18","md5":"8a2122e8162dbef04694b9c3e0b6cdee","sha256":"b99d61d874728edc0918ca0eb10eab93d381e7367e377406e65963366c874450"},"host":{"name":"CLIENT1.breach.local"},"log":{"level":"information"},"message":"Process Create:\nRuleName: -\nUtcTime: 2022-12-19 10:13:06.287\nProcessGuid: {4901c233-3932-63a0-7407-000000000600}\nProcessId: 3948\nImage: C:\\Windows\\System32\\cmd.exe\nFileVersion: 10.0.19041.746 (WinBuild.160101.0800)\nDescription: Windows Command Processor\nProduct: Microsoft® Windows® Operating System\nCompany: Microsoft Corporation\nOriginalFileName: Cmd.Exe\nCommandLine: c:\\windows\\system32\\cmd.exe /c REG ADD HKLM\\Software\\Microsoft\\Windows\\CurrentVersion\\Run /v \"Meterpreter Bind TCP\" /t REG_SZ /d meterpreter_bind_tcp.exe /f\nCurrentDirectory: C:\\Users\\ssh\\\nUser: CLIENT1\\ssh\nLogonGuid: {4901c233-3932-63a0-7a5c-0f0100000000}\nLogonId: 0x10F5C7A\nTerminalSessionId: 0\nIntegrityLevel: High\nHashes: MD5=8A2122E8162DBEF04694B9C3E0B6CDEE,SHA256=B99D61D874728EDC0918CA0EB10EAB93D381E7367E377406E65963366C874450,IMPHASH=272245E2988E1E430500B852C4FB5E18\nParentProcessGuid: {4901c233-3932-63a0-7307-000000000600}\nParentProcessId: 984\nParentImage: C:\\Windows\\System32\\conhost.exe\nParentCommandLine: C:\\Windows\\system32\\conhost.exe --headless --width 80 --height 24 --signal 0x1e8 -- \"c:\\windows\\system32\\cmd.exe\" /c REG ADD HKLM\\Software\\Microsoft\\Windows\\CurrentVersion\\Run /v \"Meterpreter Bind TCP\" /t REG_SZ /d \"meterpreter_bind_tcp.exe\" /f\nParentUser: CLIENT1\\ssh","process":{"args":["c:\\windows\\system32\\cmd.exe","/c","REG","ADD","HKLM\\Software\\Microsoft\\Windows\\CurrentVersion\\Run","/v","Meterpreter Bind TCP","/t","REG_SZ","/d","meterpreter_bind_tcp.exe","/f"],"command_line":"c:\\windows\\system32\\cmd.exe /c REG ADD HKLM\\Software\\Microsoft\\Windows\\CurrentVersion\\Run /v \"Meterpreter Bind TCP\" /t REG_SZ /d meterpreter_bind_tcp.exe /f","entity_id":"{4901c233-3932-63a0-7407-000000000600}","executable":"C:\\Windows\\System32\\cmd.exe","hash":{"md5":"8a2122e8162dbef04694b9c3e0b6cdee","sha256":"b99d61d874728edc0918ca0eb10eab93d381e7367e377406e65963366c874450"},"name":"cmd.exe","parent":{"args":["C:\\Windows\\system32\\conhost.exe","--headless","--width","80","--height","24","--signal","0x1e8","--","c:\\windows\\system32\\cmd.exe","/c","REG","ADD","HKLM\\Software\\Microsoft\\Windows\\CurrentVersion\\Run","/v","Meterpreter Bind TCP","/t","REG_SZ","/d","meterpreter_bind_tcp.exe","/f"],"command_line":"C:\\Windows\\system32\\conhost.exe --headless --width 80 --height 24 --signal 0x1e8 -- \"c:\\windows\\system32\\cmd.exe\" /c REG ADD HKLM\\Software\\Microsoft\\Windows\\CurrentVersion\\Run /v \"Meterpreter Bind TCP\" /t REG_SZ /d \"meterpreter_bind_tcp.exe\" /f","entity_id":"{4901c233-3932-63a0-7307-000000000600}","executable":"C:\\Windows\\System32\\conhost.exe","name":"conhost.exe","pid":984},"pe":{"imphash":"272245e2988e1e430500b852c4fb5e18"},"pid":3948,"working_directory":"C:\\Users\\ssh\\"},"related":{"hash":["8a2122e8162dbef04694b9c3e0b6cdee","b99d61d874728edc0918ca0eb10eab93d381e7367e377406e65963366c874450","272245e2988e1e430500b852c4fb5e18"],"user":"ssh"},"user":{"domain":"CLIENT1","name":"ssh"},"winlog":{"api":"wineventlog","channel":"Microsoft-Windows-Sysmon/Operational","computer_name":"CLIENT1.breach.local","event_data":{"Company":"Microsoft Corporation","Description":"Windows Command Processor","FileVersion":"10.0.19041.746 (WinBuild.160101.0800)","IntegrityLevel":"High","LogonGuid":"{4901c233-3932-63a0-7a5c-0f0100000000}","LogonId":"0x10f5c7a","OriginalFileName":"Cmd.Exe","ParentUser":"CLIENT1\\ssh","Product":"Microsoft® Windows® Operating System","RuleName":"-","TerminalSessionId":"0"},"event_id":1,"opcode":"Info","process":{"pid":2072,"thread":{"id":2684}},"provider_guid":"{5770385f-c22a-43e0-bf4c-06f5698ffbd9}","provider_name":"Microsoft-Windows-Sysmon","record_id":5040,"task":"Process Create (rule: ProcessCreate)","user":{"domain":"NT AUTHORITY","identifier":"S-1-5-18","name":"SYSTEM","type":"User"},"version":5}}},"name":"Reg Add RUN Key","timestamp":"2022-12-19T10:13:06.287+00:00","authors":["Florian Roth"],"level":"medium","source":"sigma","status":"experimental","falsepositives":["Unknown"],"id":"de587dce-915e-4218-aac4-835ca6af6f70","logsource":{"category":"process_creation","product":"windows"},"references":["https://app.any.run/tasks/9c0f37bc-867a-4314-b685-e101566766d7/","https://docs.microsoft.com/en-us/windows/win32/setupapi/run-and-runonce-registry-keys"],"tags":["attack.persistence","attack.t1547.001"]},{"group":"Sigma","kind":"individual","document":{"kind":"jsonl","path":"simulation_datasets/simulation_1/SetAutostartAttack_winlogbeat.jsonl","data":{"@timestamp":"2022-12-19T10:13:06.304Z","agent":{"ephemeral_id":"75382475-4494-4885-af56-0a918c9c7d5b","hostname":"CLIENT1","id":"a5ea4d3e-40c5-43d5-9a2e-ed2c48327430","name":"CLIENT1","type":"winlogbeat","version":"7.10.2"},"ecs":{"version":"1.5.0"},"event":{"action":"Process Create (rule: ProcessCreate)","category":["process"],"code":1,"created":"2022-12-19T10:13:06.974Z","kind":"event","module":"sysmon","provider":"Microsoft-Windows-Sysmon","type":["start","process_start"]},"hash":{"imphash":"be482be427fe212cfef2cda0e61f19ac","md5":"227f63e1d9008b36bdbcc4b397780be4","sha256":"c0e25b1f9b22de445298c1e96ddfcead265ca030fa6626f61a4a4786cc4a3b7d"},"host":{"name":"CLIENT1.breach.local"},"log":{"level":"information"},"message":"Process Create:\nRuleName: -\nUtcTime: 2022-12-19 10:13:06.304\nProcessGuid: {4901c233-3932-63a0-7507-000000000600}\nProcessId: 4540\nImage: C:\\Windows\\System32\\reg.exe\nFileVersion: 10.0.19041.1 (WinBuild.160101.0800)\nDescription: Registry Console Tool\nProduct: Microsoft® Windows® Operating System\nCompany: Microsoft Corporation\nOriginalFileName: reg.exe\nCommandLine: REG  ADD HKLM\\Software\\Microsoft\\Windows\\CurrentVersion\\Run /v \"Meterpreter Bind TCP\" /t REG_SZ /d meterpreter_bind_tcp.exe /f\nCurrentDirectory: C:\\Users\\ssh\\\nUser: CLIENT1\\ssh\nLogonGuid: {4901c233-3932-63a0-7a5c-0f0100000000}\nLogonId: 0x10F5C7A\nTerminalSessionId: 0\nIntegrityLevel: High\nHashes: MD5=227F63E1D9008B36BDBCC4B397780BE4,SHA256=C0E25B1F9B22DE445298C1E96DDFCEAD265CA030FA6626F61A4A4786CC4A3B7D,IMPHASH=BE482BE427FE212CFEF2CDA0E61F19AC\nParentProcessGuid: {4901c233-3932-63a0-7407-000000000600}\nParentProcessId: 3948\nParentImage: C:\\Windows\\System32\\cmd.exe\nParentCommandLine: c:\\windows\\system32\\cmd.exe /c REG ADD HKLM\\Software\\Microsoft\\Windows\\CurrentVersion\\Run /v \"Meterpreter Bind TCP\" /t REG_SZ /d meterpreter_bind_tcp.exe /f\nParentUser: CLIENT1\\ssh","process":{"args":["REG","ADD","HKLM\\Software\\Microsoft\\Windows\\CurrentVersion\\Run","/v","Meterpreter Bind TCP","/t","REG_SZ","/d","meterpreter_bind_tcp.exe","/f"],"command_line":"REG  ADD HKLM\\Software\\Microsoft\\Windows\\CurrentVersion\\Run /v \"Meterpreter Bind TCP\" /t REG_SZ /d meterpreter_bind_tcp.exe /f","entity_id":"{4901c233-3932-63a0-7507-000000000600}","executable":"C:\\Windows\\System32\\reg.exe","hash":{"md5":"227f63e1d9008b36bdbcc4b397780be4","sha256":"c0e25b1f9b22de445298c1e96ddfcead265ca030fa6626f61a4a4786cc4a3b7d"},"name":"reg.exe","parent":{"args":["c:\\windows\\system32\\cmd.exe","/c","REG","ADD","HKLM\\Software\\Microsoft\\Windows\\CurrentVersion\\Run","/v","Meterpreter Bind TCP","/t","REG_SZ","/d","meterpreter_bind_tcp.exe","/f"],"command_line":"c:\\windows\\system32\\cmd.exe /c REG ADD HKLM\\Software\\Microsoft\\Windows\\CurrentVersion\\Run /v \"Meterpreter Bind TCP\" /t REG_SZ /d meterpreter_bind_tcp.exe /f","entity_id":"{4901c233-3932-63a0-7407-000000000600}","executable":"C:\\Windows\\System32\\cmd.exe","name":"cmd.exe","pid":3948},"pe":{"imphash":"be482be427fe212cfef2cda0e61f19ac"},"pid":4540,"working_directory":"C:\\Users\\ssh\\"},"related":{"hash":["227f63e1d9008b36bdbcc4b397780be4","c0e25b1f9b22de445298c1e96ddfcead265ca030fa6626f61a4a4786cc4a3b7d","be482be427fe212cfef2cda0e61f19ac"],"user":"ssh"},"user":{"domain":"CLIENT1","name":"ssh"},"winlog":{"api":"wineventlog","channel":"Microsoft-Windows-Sysmon/Operational","computer_name":"CLIENT1.breach.local","event_data":{"Company":"Microsoft Corporation","Description":"Registry Console Tool","FileVersion":"10.0.19041.1 (WinBuild.160101.0800)","IntegrityLevel":"High","LogonGuid":"{4901c233-3932-63a0-7a5c-0f0100000000}","LogonId":"0x10f5c7a","OriginalFileName":"reg.exe","ParentUser":"CLIENT1\\ssh","Product":"Microsoft® Windows® Operating System","RuleName":"-","TerminalSessionId":"0"},"event_id":1,"opcode":"Info","process":{"pid":2072,"thread":{"id":2684}},"provider_guid":"{5770385f-c22a-43e0-bf4c-06f5698ffbd9}","provider_name":"Microsoft-Windows-Sysmon","record_id":5041,"task":"Process Create (rule: ProcessCreate)","user":{"domain":"NT AUTHORITY","identifier":"S-1-5-18","name":"SYSTEM","type":"User"},"version":5}}},"name":"Direct Autorun Keys Modification","timestamp":"2022-12-19T10:13:06.304+00:00","authors":["Victor Sergeev","Daniil Yugoslavskiy","oscd.community"],"level":"medium","source":"sigma","status":"experimental","falsepositives":["Legitimate software automatically (mostly, during installation) sets up autorun keys for legitimate reasons.","Legitimate administrator sets up autorun keys for legitimate reasons."],"id":"24357373-078f-44ed-9ac4-6d334a668a11","logsource":{"category":"process_creation","product":"windows"},"references":["https://github.com/redcanaryco/atomic-red-team/blob/f339e7da7d05f6057fdfcdd3742bfcf365fee2a9/atomics/T1547.001/T1547.001.md"],"tags":["attack.persistence","attack.t1547.001"]},{"group":"Sigma","kind":"individual","document":{"kind":"jsonl","path":"simulation_datasets/simulation_1/SetAutostartAttack_winlogbeat.jsonl","data":{"@timestamp":"2022-12-19T10:13:06.304Z","agent":{"ephemeral_id":"75382475-4494-4885-af56-0a918c9c7d5b","hostname":"CLIENT1","id":"a5ea4d3e-40c5-43d5-9a2e-ed2c48327430","name":"CLIENT1","type":"winlogbeat","version":"7.10.2"},"ecs":{"version":"1.5.0"},"event":{"action":"Process Create (rule: ProcessCreate)","category":["process"],"code":1,"created":"2022-12-19T10:13:06.974Z","kind":"event","module":"sysmon","provider":"Microsoft-Windows-Sysmon","type":["start","process_start"]},"hash":{"imphash":"be482be427fe212cfef2cda0e61f19ac","md5":"227f63e1d9008b36bdbcc4b397780be4","sha256":"c0e25b1f9b22de445298c1e96ddfcead265ca030fa6626f61a4a4786cc4a3b7d"},"host":{"name":"CLIENT1.breach.local"},"log":{"level":"information"},"message":"Process Create:\nRuleName: -\nUtcTime: 2022-12-19 10:13:06.304\nProcessGuid: {4901c233-3932-63a0-7507-000000000600}\nProcessId: 4540\nImage: C:\\Windows\\System32\\reg.exe\nFileVersion: 10.0.19041.1 (WinBuild.160101.0800)\nDescription: Registry Console Tool\nProduct: Microsoft® Windows® Operating System\nCompany: Microsoft Corporation\nOriginalFileName: reg.exe\nCommandLine: REG  ADD HKLM\\Software\\Microsoft\\Windows\\CurrentVersion\\Run /v \"Meterpreter Bind TCP\" /t REG_SZ /d meterpreter_bind_tcp.exe /f\nCurrentDirectory: C:\\Users\\ssh\\\nUser: CLIENT1\\ssh\nLogonGuid: {4901c233-3932-63a0-7a5c-0f0100000000}\nLogonId: 0x10F5C7A\nTerminalSessionId: 0\nIntegrityLevel: High\nHashes: MD5=227F63E1D9008B36BDBCC4B397780BE4,SHA256=C0E25B1F9B22DE445298C1E96DDFCEAD265CA030FA6626F61A4A4786CC4A3B7D,IMPHASH=BE482BE427FE212CFEF2CDA0E61F19AC\nParentProcessGuid: {4901c233-3932-63a0-7407-000000000600}\nParentProcessId: 3948\nParentImage: C:\\Windows\\System32\\cmd.exe\nParentCommandLine: c:\\windows\\system32\\cmd.exe /c REG ADD HKLM\\Software\\Microsoft\\Windows\\CurrentVersion\\Run /v \"Meterpreter Bind TCP\" /t REG_SZ /d meterpreter_bind_tcp.exe /f\nParentUser: CLIENT1\\ssh","process":{"args":["REG","ADD","HKLM\\Software\\Microsoft\\Windows\\CurrentVersion\\Run","/v","Meterpreter Bind TCP","/t","REG_SZ","/d","meterpreter_bind_tcp.exe","/f"],"command_line":"REG  ADD HKLM\\Software\\Microsoft\\Windows\\CurrentVersion\\Run /v \"Meterpreter Bind TCP\" /t REG_SZ /d meterpreter_bind_tcp.exe /f","entity_id":"{4901c233-3932-63a0-7507-000000000600}","executable":"C:\\Windows\\System32\\reg.exe","hash":{"md5":"227f63e1d9008b36bdbcc4b397780be4","sha256":"c0e25b1f9b22de445298c1e96ddfcead265ca030fa6626f61a4a4786cc4a3b7d"},"name":"reg.exe","parent":{"args":["c:\\windows\\system32\\cmd.exe","/c","REG","ADD","HKLM\\Software\\Microsoft\\Windows\\CurrentVersion\\Run","/v","Meterpreter Bind TCP","/t","REG_SZ","/d","meterpreter_bind_tcp.exe","/f"],"command_line":"c:\\windows\\system32\\cmd.exe /c REG ADD HKLM\\Software\\Microsoft\\Windows\\CurrentVersion\\Run /v \"Meterpreter Bind TCP\" /t REG_SZ /d meterpreter_bind_tcp.exe /f","entity_id":"{4901c233-3932-63a0-7407-000000000600}","executable":"C:\\Windows\\System32\\cmd.exe","name":"cmd.exe","pid":3948},"pe":{"imphash":"be482be427fe212cfef2cda0e61f19ac"},"pid":4540,"working_directory":"C:\\Users\\ssh\\"},"related":{"hash":["227f63e1d9008b36bdbcc4b397780be4","c0e25b1f9b22de445298c1e96ddfcead265ca030fa6626f61a4a4786cc4a3b7d","be482be427fe212cfef2cda0e61f19ac"],"user":"ssh"},"user":{"domain":"CLIENT1","name":"ssh"},"winlog":{"api":"wineventlog","channel":"Microsoft-Windows-Sysmon/Operational","computer_name":"CLIENT1.breach.local","event_data":{"Company":"Microsoft Corporation","Description":"Registry Console Tool","FileVersion":"10.0.19041.1 (WinBuild.160101.0800)","IntegrityLevel":"High","LogonGuid":"{4901c233-3932-63a0-7a5c-0f0100000000}","LogonId":"0x10f5c7a","OriginalFileName":"reg.exe","ParentUser":"CLIENT1\\ssh","Product":"Microsoft® Windows® Operating System","RuleName":"-","TerminalSessionId":"0"},"event_id":1,"opcode":"Info","process":{"pid":2072,"thread":{"id":2684}},"provider_guid":"{5770385f-c22a-43e0-bf4c-06f5698ffbd9}","provider_name":"Microsoft-Windows-Sysmon","record_id":5041,"task":"Process Create (rule: ProcessCreate)","user":{"domain":"NT AUTHORITY","identifier":"S-1-5-18","name":"SYSTEM","type":"User"},"version":5}}},"name":"Reg Add RUN Key","timestamp":"2022-12-19T10:13:06.304+00:00","authors":["Florian Roth"],"level":"medium","source":"sigma","status":"experimental","falsepositives":["Unknown"],"id":"de587dce-915e-4218-aac4-835ca6af6f70","logsource":{"category":"process_creation","product":"windows"},"references":["https://app.any.run/tasks/9c0f37bc-867a-4314-b685-e101566766d7/","https://docs.microsoft.com/en-us/windows/win32/setupapi/run-and-runonce-registry-keys"],"tags":["attack.persistence","attack.t1547.001"]}]